,marginal_conversions_t1,marginal_spend_t1,marginal_CAC_t1,marginal_conversions_t2,marginal_spend_t2,marginal_CAC_t2,marginal_conversions_t3,marginal_spend_t3,marginal_CAC_t3,marginal_conversions_t4,marginal_spend_t4,marginal_CAC_t4,marginal_conversions_t5,marginal_spend_t5,marginal_CAC_t5,marginal_conversions_t6,marginal_spend_t6,marginal_CAC_t6,marginal_conversions_t7,marginal_spend_t7,marginal_CAC_t7,marginal_conversions_t8,marginal_spend_t8,marginal_CAC_t8
bing,0.0,300.0,inf,0.0,100.0,inf,0.0,500.0,inf,0.0,100.0,inf,0.0,100.0,inf,0.0,200.0,inf,0.0,800.0,inf,0.0,1600.0,inf
display,0.0,12.0,inf,0.0,1.0,inf,0.0,6.0,inf,0.0,1.0,inf,0.0,9.0,inf,0.0,2.0,inf,0.0,63.0,inf,0.0,54.0,inf
facebook,1521.0,9000.0,5.9171597633136095,980.0,1500.0,1.530612244897959,-9.0,500.0,-55.55555555555556,874.0,2000.0,2.288329519450801,-308.0,1000.0,-3.2467532467532467,899.0,2000.0,2.2246941045606228,330.0,1000.0,3.0303030303030303,1223.0,6000.0,4.905968928863451
search,155.0,13000.0,83.87096774193549,107.0,5500.0,51.401869158878505,66.0,500.0,7.575757575757576,61.0,5000.0,81.9672131147541,-2.0,1000.0,-500.0,162.0,13000.0,80.24691358024691,-19.0,3000.0,-157.89473684210526,105.0,3000.0,28.571428571428573
youtube,12.0,90.0,7.5,9.0,10.0,1.1111111111111112,4.0,30.0,7.5,15.0,50.0,3.3333333333333335,23.0,370.0,16.08695652173913,20.0,350.0,17.5,124.0,1520.0,12.258064516129032,138.0,1940.0,14.057971014492754
